Workbook

Sheet Read Me
A1: Udyami Kutumba — Fresh Implementation Plan
A2: Prepared 11 September 2026, from an independent pass through the live codebase at D:\DigiNik\Apps\udyamikutumba. Every number in this workbook was pulled directly from the current files this session.
A3: Method note | B3: The on-device shell was unreachable this session (a known Windows-update mounting issue), so files were pulled into a working copy and searched there instead of running grep directly on the disk — same source files, same result.
A4: The two ticket IDs | B4: 963fb9ce-2cc8-41d7-b60e-d4293954e509 (notifications backend) and ead85da9-1d41-430e-9b71-13b98364c6b5 (API optimization) do not appear anywhere in the project folder — root, .scratch, scratch, or payloads. Every estimate here is built purely from what today's code shows. Share either ticket if it carries scope not visible in the app yet.
A5: Team assumption | B5: 2 Flutter developers working in parallel, plus a backend developer delivering the notification, role-revoke, and family-linking APIs alongside. Scale durations roughly inversely if the real team is smaller or larger.
A6: AI-assisted coding | B6: Every estimate in this workbook — Plan 1, Plan 2, and Plan 3 alike — already assumes AI-assisted coding (Claude/Gemini-style pair programming) for the engineering work. It is not a further discount on top of these numbers; it is baked into them. The 'AI Compression' tab shows what the same work would cost without that assistance.
A7: Correction applied this revision | B7: "Notifications — core system + push infrastructure" was re-priced down from 9–13 days to 1.5–3 days, per your note that a first working cut of this is largely boilerplate. Every total in this workbook has been recalculated with that change — see the Plan tabs and the Notification Detail tab for where the saved time was reallocated.
A8: How to read the numbers | B8: Min/Max columns are hand-entered estimates (blue text = input); Total rows are formulas (black text) that sum them, so if you adjust any input the totals recalculate automatically.
A11: Tabs in this workbook
A12: 1. Current State — what the code shows today, per feature area
A13: 2. Notification Detail — the ~64 trigger types mapped to real screens, with time breakdown
A14: 3. AI Compression — with vs without AI-assisted coding
A15: 4. Plan 1 - Actual Effort — full engineering effort, AI-assisted, person-days
A16: 5. Plan 2 - 45 Day Plan — phased plan to ~25 Oct 2026, with what's still pending at day 45
A17: 6. Plan 3 - 11 Sep-10 Oct — status against the client's requested date, with what's pending after
A18: 7. Risks & Dependencies

Sheet Current State
A1: What today's code actually shows
A2: Verified directly against the live files this session — not carried over from any earlier document.
A3: Area | B3: Verified state
A4: Leads — Own (My Leads) | B4: Built and wired (my_leads_screen.dart, 19.4 KB, no TODOs found): tabs for given/received leads, calls LeadAPI.getAllLeads(), navigates into LeadDetailScreen, links to passleadscreen.dart to create a new lead. This contradicts the "still needs doing" framing — functionally complete today, needs polish/edge cases, not a rebuild. Worth confirming in case a different "Own" requirement is intended.
A5: Leads — B2B / B2C / Social Channel / Communication / UBN | B5: Functionally live already via two paths: (1) lead_management_screen.dart (64 KB) is a real unified dashboard — fetches live counts from RequirementsAPI.getB2CRequirements/getB2BRequirements, LeadAPI, and CommunicationsAPI().getAllCampaigns(), and routes into fully-built screens (communications_screen.dart 28.9 KB, social_channels_screen.dart 14.8 KB + campaigns_screen.dart 44 KB, requirements_screen.dart 9.7 KB, the UBN/UCN subscription flow). (2) The five files that look like dedicated per-source screens (b2b/b2c/manual/social_media/ucn_management_screen.dart) are all 2 bytes and, confirmed by a project-wide search, imported and navigated to from nowhere in the app — dead scaffolding, not pending work. Matches what you said: these five are already done, in substance.
A6: Leads — AI Leads | B6: Two separate implementations exist side by side: (a) lead_detail_screen.dart genuinely calls LeadAPI.getMatchedLeads(userId) — a real GET /bni-lead/matched/{userId} call — and renders matches with proper loading/empty states. Wired in from member_leads_screen.dart and my_leads_screen.dart, so every lead detail already shows a live AI Leads section. This is the UBN-based passed-lead suggestion code you were thinking of. (b) ai_lead_gen_screen.dart is a separate, unwired screen with 2 hardcoded rows and a dead "Scan for new matches" button — confirmed never navigated to from anywhere in the app.
A7: Notifications | B7: notifications_screen.dart is a static list of exactly 9 hardcoded cards — no API client, no read/unread state, no per-module counts. main_screen.dart opens it from a plain bell icon with no badge at all. pubspec.yaml has no push package of any kind (firebase_messaging, flutter_local_notifications, etc. — none present) — push delivery itself doesn't exist yet either. swagger.json (parsed fresh: 269 paths / 274 operations / 42 tags) has no Notification tag. From-scratch build: frontend, push infrastructure, and backend.
A8: Sector selection | B8: SectorAPI (13 methods, all verified) already supports the 3-level flow end to end — getAllSubSubSectors(subSectorId) and createOther for all three levels exist and work. passleadscreen.dart is the one screen already using all of it, including a working "create Sector + Sub-Sector + Sub-Sub-Sector" dialog — the reference pattern. SectorAPI() is instantiated in 10 files total; only 4 have a real cascading Sector -> Sub-Sector dropdown needing the third level: signup_screen.dart, profile_screen.dart, create_sector_request_screen.dart, invite_to_ucn_screen.dart. The other 5 (sector_team_screen.dart, directory_screen.dart — simple string filters; sector_dashboard_screen.dart, my_sector_requests_screen.dart, sector_join_review_screen.dart — display/approve-reject only) don't need this change. ProfileDataModel has no sub-sub-category field yet, so a small model addition rides along.
A9: Profile / family matching | B9: UserModel has mobileNumber (the natural key for phone-based matching). ProfileDataModel.spouse is a plain free-text string — no phone number, no account reference, confirmed by reading the full model. No invite/link code exists anywhere. Net-new feature end to end: backend invite/link endpoints and a linked-account data model, plus the frontend invite flow, pending-invite state, accept flow, and the "tap spouse's card to see their business" view.
A10: Primary/secondary address | B10: The data already exists — homeAddress/homeLatitude/homeLongitude and businessDetails.businessAddress/latitude/longitude both live on the profile today — but no flag exists for "which is the public default." Geofencing is already confirmed business-only: member_map_screen.dart and geofence_screen.dart both read location strictly from biz['latitude']/biz['longitude'], so existing behavior needs no change — just an explicit rule that the toggle must not touch it.
A11: API optimization | B11: timed_http.dart wraps every raw http call with a stopwatch and an UNCONDITIONAL print of elapsed seconds — runs in every build, not just debug, itself worth fixing. 12 (not 11) print_*.js codegen scripts each inject extra DEV DEBUG lines into one specific screen to trace slow calls. A direct search of lib/core/api for cache/Hive found nothing — no caching, de-duplication, or pagination exists yet. The 28 files under lib/core/api contain 188 call sites, 20 of which are internal plumbing, leaving 168 real per-endpoint calls across the other 26 client files, plus 15+ more in feature-level clients outside core/api. Roughly 180–190 endpoints wired today against the 274 the backend exposes (about two-thirds) — higher coverage than a guess would suggest, but the optimization work itself hasn't started.
A13: AI Leads recommendation
A14: Build ONE consolidated screen, and leave the existing contextual section alone. Revive ai_lead_gen_screen.dart as the single "AI Leads" home, wired to the same getMatchedLeads(userId) call already proven working inside lead_detail_screen.dart — de-risked twice over. Keep the working section inside LeadDetailScreen exactly as it is. The matched-leads endpoint returns one ranked list with no source split, so it's naturally a single feed, not five; the accept flow can reuse passleadscreen.dart's existing auto-fill logic once, not five times; there's still no dedicated "dismiss" endpoint, so either repurpose updateLeadStatus with a new status value or add a small endpoint.

Sheet Notification Detail
A1: Notifications — the full sweep
A2: Every feature folder in lib/features and every API tag in swagger.json, mapped to plausible trigger types.
A3: # | B3: Module (screens it maps to) | C3: Trigger types | D3: Count
A4: 1 | B4: Feed / Posts (post_screen.dart, post_detail_screen.dart, my_posts_screen.dart) | C4: new comment, new like, new follower, new post from someone you follow, post shared | D4: 5
A5: 2 | B5: Directory / digital card (directory_screen.dart, member_detail_screen.dart, cards_screen.dart) | C5: connection request received, connection accepted, your card viewed | D5: 3
A6: 3 | B6: Roles & Circles (manage_roles_screen.dart, assembly_roles_screen.dart, circle_roles_screen.dart) | C6: assigned to a role, assignment confirmed by admin, role changed/removed. NOTE: RoleAPI today only has assignRole/getAllRoles/getAllRoleUsers — no remove/revoke-role endpoint exists yet, so the "removed" trigger needs that endpoint built first. | D6: 3
A7: 4 | B7: Leads — Own + B2B/B2C/Social/UBN + AI (my_leads_screen.dart, lead_detail_screen.dart, lead_appeals_screen.dart) | C7: lead assigned to you, lead status changed, appeal submitted/responded, lead converted, gratitude pending, new AI match found | D7: 6
A8: 5 | B8: Meetings & Face-to-Face (meetings_screen.dart, face_to_face_screen.dart, scan_attendance_qr_screen.dart) | C8: meeting scheduled, reminder, rescheduled, cancelled, F2F request, F2F confirmed, attendance/QR check-in confirmed | D8: 7
A9: 6 | B9: Sector join requests (create_sector_request_screen.dart, sector_join_review_screen.dart) | C9: submitted, endorsed, approved, rejected, new business tag created | D9: 5
A10: 7 | B10: Gratitude (gratitude_screen.dart, gratitude_history_screen.dart) | C10: gratitude slip received, milestone reached | D10: 2
A11: 8 | B11: Hall booking & Guests (hall_coordinator_screen.dart, guests_screen.dart) | C11: booking confirmed/rejected, guest invited, RSVP received, checked in | D11: 4
A12: 9 | B12: Membership, wallet & campaigns (ucn_subscription_screen.dart, recharge_coins_screen.dart, campaign_detail_screen.dart) | C12: renewal due, payment received/failed, wallet low/recharged, campaign delivered/failed, financial summary ready | D12: 6
A13: 10 | B13: Jobs & applications (jobs_screen.dart, job_apply_screen.dart, my_application_sceen.dart) | C13: new matching job posted, application received, application status changed, job post approved/rejected | D13: 4
A14: 11 | B14: Requirements — B2B/B2C matching (requirements_screen.dart, my_requirements_screen.dart) | C14: new requirement matches your business, response received | D14: 2
A15: 12 | B15: UQueens, training & programmes (uqueens_screen.dart, training_screen.dart, childrens_programme.dart, prince_princess_programme.dart) | C15: registration open, training reminder, certificate/milestone ready | D15: 3
... A20: 17 | B20: Surveys, referrals & system messages | C20: survey available, referral bonus earned, important SMS/email delivered as in-app notice | D20: 3
B21: Total distinct trigger types | D21: =SUM(D4:D20) -> 64
A23: Time required, in its three genuinely different pieces
A24: Piece | B24: Min days | C24: Max days | D24: Notes
A25: Core notification system (first working cut) | B25: 1.5 | C25: 3 | D25: firebase_messaging/local-notification handling wired from zero, a live feed screen backed by one list endpoint, basic unread/read state, a bell badge. Re-priced down from an original 9-13 days per your note — largely boilerplate once the backend exposes even a minimal list endpoint. Per-module badges, a full settings screen, and deep-link routing into every trigger type are tracked in the row below.
A26: Wiring all ~64 trigger types across 17 modules | B26: 15 | C26: 21 | D26: Each type needs a backend event or client trigger, a card template, a deep link, and on-device verification. AI assistance speeds up writing the repetitive per-type code, but each type still has to be fired and checked on a device. The role-removal trigger can't be verified until the missing RoleAPI revoke endpoint exists.
A27: Play Store internal/closed testing (elapsed) | B27: 6 | C27: 10 | D27: Review queue + minimum real-tester soak period before production. Independent of trigger count or coding speed — Google's clock, not the dev team's. Can run in parallel with other work.
A28: Total for notifications alone | B28: =SUM(B25:B27) -> 22.5 | C28: =SUM(C25:C27) -> 34 | D28: 6-10 of this is elapsed waiting time that overlaps other work, not pure engineering time.

Sheet AI Compression
A1: Does AI-assisted coding change the numbers?
A2: It compresses the mechanical, pattern-heavy parts by roughly 25-35%. It does NOT compress Play Store review/soak time, backend delivery schedules, family-linking UX judgment calls, or on-device verification of each notification trigger.
B3: Without AI assistance (person-days) | C3: With AI-assisted coding (person-days)
A4: Core engineering effort (all 6 feature areas) | B4: 61-94 | C4: 43-66
A5: Play Store elapsed/waiting time (not compressible) | B5: 6-10 | C5: 6-10
A6: Grand total (range) | B6: 67-104 | C6: 49-76
A8: Both columns are lower than an earlier pass of this table, purely because the notification core-system line was corrected from 9-13 days down to 1.5-3 days — nothing else changed. Ranges are entered as text here because each side combines several independently-ranged line items from the Plan tabs; see those tabs for the underlying per-item formulas.

Sheet Plan 1 - Actual Effort
A1: Plan 1 — Actual effort needed
A2: AI-assisted, sequential person-days. This is the honest total engineering effort for all six feature areas if it were done as pure sequential effort with no parallelization.
A3: Feature | B3: Min days | C3: Max days
A4: Leads — Own: polish, edge/empty states (already built, not a rebuild) | B4: 1 | C4: 2
A5: Leads — B2B/B2C/Social/Communication/UBN: delete the 5 orphaned stub files, confirm existing dashboard + full screens cover the need | B5: 0.5 | C5: 1
A6: Leads — AI Leads: consolidated screen wired to getMatchedLeads, accept/dismiss, keep the existing contextual section | B6: 3 | C6: 5
A7: Notifications — core system + push infrastructure (REVISED per your note: was 9-13 days) | B7: 1.5 | C7: 3
A8: Notifications — wiring ~60-65 trigger types | B8: 15 | C8: 21
A9: Notifications — Play Store testing cycle (elapsed, parallelizable) | B9: 6 | C9: 10
A10: Profile matching — family/spouse linked accounts, invite, tap-through, multi-member | B10: 9 | C10: 13
A11: Primary/secondary address toggle + updating ~4 display surfaces | B11: 3 | C11: 5
A12: API optimization — gate/remove always-on debug prints, then cache/paginate/de-dupe across ~180-190 wired calls | B12: 7 | C12: 11
A13: Sector sub-sub-sector rollout — 4 confirmed screens + small model field | B13: 3 | C13: 5
A14: Total (person-days, AI-assisted) | B14: =SUM(B4:B13) -> 49 | C14: =SUM(C4:C13) -> 76
A16: With 2 developers running independent tracks in parallel and backend delivering notifications/role-revoke/family-link APIs on its own schedule, this compresses to roughly 29-45 calendar days before final QA and release — about 3-5 days tighter than before this revision, purely from the notification core-system correction.

Sheet Plan 2 - 45 Day Plan
A1: Plan 2 — 45 calendar days
A2: Target finish approx. 25 October 2026. AI-assisted throughout — see Read Me tab. Tight scope: both developers fully dedicated, backend delivers notification + family-link + role-revoke APIs on schedule, Play Store beta cycle overlapped with the final QA week.
A3: Phase | B3: Days | C3: Deliverables
A4: Phase 1 | B4: 1-7 | C4: Sector sub-sub-sector rollout (4 screens); primary/secondary address toggle + display logic; delete the 5 orphaned lead-management stubs; notifications core system + push infrastructure built (now a 1.5-3 day item, so it lands early); backend starts on notification, role-revoke, and family-link APIs in parallel.
A5: Phase 2 | B5: 6-16 | C5: Leads: Own finalized, AI Leads consolidated screen wired to getMatchedLeads.
A6: Phase 3 | B6: 14-32 | C6: Notifications: trigger-type wiring, now with 3-5 extra days freed up by the core-system correction to push toward the higher-priority ~35-40 of the ~64 types; profile family/spouse matching built (invite, link, tap-through).
A7: Phase 4 | B7: 30-40 | C7: Remaining notification trigger types wired to reach the full ~64; API optimization pass across the ~180-190 wired calls.
A8: Phase 5 | B8: 38-45 | C8: Full regression QA, Play Store closed-testing submission and monitoring, bug-fixing, release.
A10: What's realistically still pending at day 45, even in this plan
A11: This is the "complete by 45 days" target, so it's built to reach release — but two genuine risk points remain: (1) the ~64-notification catalogue — if any trigger's backend event slips, that type carries past day 45; and (2) the Play Store review queue itself, which runs on Google's schedule and can push the actual public release a few days past day 45 even if every build task inside the team's control finishes on time. A second API-optimization pass is also expected once the new notification/role-revoke/family-link endpoints land — that's follow-on work by design, not a miss on this plan.
A13: Same feature-by-feature breakdown as Plan 1, checked against the 45-day capacity
A14: Plan 2 is framed as reaching full release, so every feature's full effort from Plan 1 has to fit inside the 45 days. The Min/Max columns below are live links to the Plan 1 tab (green = cross-sheet link), not re-typed numbers.
A15: Feature | D15: Min days | E15: Max days
A16: ='Plan 1 - Actual Effort'!A4 -> Leads — Own: polish, edge/empty states (already built, not a rebuild) | D16: ='Plan 1 - Actual Effort'!B4 -> 1 | E16: ='Plan 1 - Actual Effort'!C4 -> 2
A17: ='Plan 1 - Actual Effort'!A5 -> Leads — B2B/B2C/Social/Communication/UBN: delete the 5 orphaned stub files, confirm existing dashboard + full screens cover the need | D17: ='Plan 1 - Actual Effort'!B5 -> 0.5 | E17: ='Plan 1 - Actual Effort'!C5 -> 1
A18: ='Plan 1 - Actual Effort'!A6 -> Leads — AI Leads: consolidated screen wired to getMatchedLeads, accept/dismiss, keep the existing contextual section | D18: ='Plan 1 - Actual Effort'!B6 -> 3 | E18: ='Plan 1 - Actual Effort'!C6 -> 5
A19: ='Plan 1 - Actual Effort'!A7 -> Notifications — core system + push infrastructure (REVISED per your note: was 9-13 days) | D19: ='Plan 1 - Actual Effort'!B7 -> 1.5 | E19: ='Plan 1 - Actual Effort'!C7 -> 3
A20: ='Plan 1 - Actual Effort'!A8 -> Notifications — wiring ~60-65 trigger types | D20: ='Plan 1 - Actual Effort'!B8 -> 15 | E20: ='Plan 1 - Actual Effort'!C8 -> 21
A21: ='Plan 1 - Actual Effort'!A9 -> Notifications — Play Store testing cycle (elapsed, parallelizable) | D21: ='Plan 1 - Actual Effort'!B9 -> 6 | E21: ='Plan 1 - Actual Effort'!C9 -> 10
A22: ='Plan 1 - Actual Effort'!A10 -> Profile matching — family/spouse linked accounts, invite, tap-through, multi-member | D22: ='Plan 1 - Actual Effort'!B10 -> 9 | E22: ='Plan 1 - Actual Effort'!C10 -> 13
A23: ='Plan 1 - Actual Effort'!A11 -> Primary/secondary address toggle + updating ~4 display surfaces | D23: ='Plan 1 - Actual Effort'!B11 -> 3 | E23: ='Plan 1 - Actual Effort'!C11 -> 5
A24: ='Plan 1 - Actual Effort'!A12 -> API optimization — gate/remove always-on debug prints, then cache/paginate/de-dupe across ~180-190 wired calls | D24: ='Plan 1 - Actual Effort'!B12 -> 7 | E24: ='Plan 1 - Actual Effort'!C12 -> 11
A25: ='Plan 1 - Actual Effort'!A13 -> Sector sub-sub-sector rollout — 4 confirmed screens + small model field | D25: ='Plan 1 - Actual Effort'!B13 -> 3 | E25: ='Plan 1 - Actual Effort'!C13 -> 5
A26: Total (person-days, AI-assisted) — should equal Plan 1's total | D26: =SUM(D16:D25) -> 49 | E26: =SUM(E16:E25) -> 76
A28: Capacity check: 2 developers x 45 days is approx. 90 person-days of raw capacity (before counting backend, which runs its own track) — comfortably above the 76-day worst case above. That headroom (roughly 14-41 person-days) is what Phase 5's QA / bug-fixing / testing-monitoring time draws from.

Sheet Plan 3 - 11 Sep-10 Oct
A1: Plan 3 — 11 September to 10 October
A2: The client's requested date; approx. a 29-30 day window. AI-assisted throughout. Because leads needed far less rebuilding than the "needs to do" list assumed, and the notification core-system estimate is now corrected down to 1.5-3 days (freeing several more days for trigger-type wiring), this window is more workable than it would otherwise look.
A3: Status by 10 Oct | B3: Item
A4: Done | B4: Sector sub-sub-sector rollout across all 4 confirmed screens
A5: Done | B5: Primary/secondary profile address switching
A6: Done | B6: Leads — Own (My Leads) polished; the 5 orphaned stub files removed and the existing B2B/B2C/Social/Communication/UBN access points confirmed
A7: Done | B7: Leads — AI Leads consolidated screen live, wired to the real getMatchedLeads endpoint
A8: Done | B8: Notifications core system live (feed, read/unread, badges, push registration, deep links) — built in the first few days rather than the first two weeks — plus roughly the top 30-35 of the ~64 trigger types (up from ~25-30 before the correction, since the days saved on the core system roll straight into trigger wiring)
A9: Partial | B9: Profile family matching — invite + linking flow likely built for spouse; multi-family-member support and full tap-through polish likely carries over
A10: Pending / carried over past 10 Oct | B10: Remaining ~29-34 notification trigger types (including anything depending on the not-yet-built role-revoke endpoint), the full API optimization pass, Play Store closed-testing submission, full multi-member family-matching polish
A12: In short: this window comfortably covers the two smaller self-contained items (sector rollout, address switching), the leads cleanup and AI Leads screen, and — now that the core system is a fast build rather than a two-week one — a notification system that's not just live but meaningfully populated. The remaining notification types, the complete family-matching feature, and the API optimization pass are what's genuinely pending past 10 October, and need the additional 8-17 days captured in Plan 2 to close out.
D14: Same feature-by-feature breakdown as Plan 1, split into what fits inside the window and what doesn't
D15: Each row's two halves add back up to that feature's Plan 1 total. "Days done" columns are entered directly from the assessment above; "Days pending" columns are formulas: Plan 1's total for that feature minus the days done — so they can never silently drift out of sync with Plan 1.
D16: Feature | E16: Done: Min | F16: Done: Max | G16: Pending: Min | H16: Pending: Max
D17: ='Plan 1 - Actual Effort'!A4 -> Leads — Own: polish, edge/empty states (already built, not a rebuild) | E17: 1 | F17: 2 | G17: ='Plan 1 - Actual Effort'!B4-E17 -> 0 | H17: ='Plan 1 - Actual Effort'!C4-F17 -> 0
D18: ='Plan 1 - Actual Effort'!A5 -> Leads — B2B/B2C/Social/Communication/UBN: delete the 5 orphaned stub files, confirm existing dashboard + full screens cover the need | E18: 0.5 | F18: 1 | G18: ='Plan 1 - Actual Effort'!B5-E18 -> 0 | H18: ='Plan 1 - Actual Effort'!C5-F18 -> 0
D19: ='Plan 1 - Actual Effort'!A6 -> Leads — AI Leads: consolidated screen wired to getMatchedLeads, accept/dismiss, keep the existing contextual section | E19: 3 | F19: 5 | G19: ='Plan 1 - Actual Effort'!B6-E19 -> 0 | H19: ='Plan 1 - Actual Effort'!C6-F19 -> 0
D20: ='Plan 1 - Actual Effort'!A7 -> Notifications — core system + push infrastructure (REVISED per your note: was 9-13 days) | E20: 1.5 | F20: 3 | G20: ='Plan 1 - Actual Effort'!B7-E20 -> 0 | H20: ='Plan 1 - Actual Effort'!C7-F20 -> 0
D21: ='Plan 1 - Actual Effort'!A8 -> Notifications — wiring ~60-65 trigger types | E21: 7 | F21: 11 | G21: ='Plan 1 - Actual Effort'!B8-E21 -> 8 | H21: ='Plan 1 - Actual Effort'!C8-F21 -> 10
D22: ='Plan 1 - Actual Effort'!A9 -> Notifications — Play Store testing cycle (elapsed, parallelizable) | E22: 0 | F22: 0 | G22: ='Plan 1 - Actual Effort'!B9-E22 -> 6 | H22: ='Plan 1 - Actual Effort'!C9-F22 -> 10
D23: ='Plan 1 - Actual Effort'!A10 -> Profile matching — family/spouse linked accounts, invite, tap-through, multi-member | E23: 5.5 | F23: 8.5 | G23: ='Plan 1 - Actual Effort'!B10-E23 -> 3.5 | H23: ='Plan 1 - Actual Effort'!C10-F23 -> 4.5
D24: ='Plan 1 - Actual Effort'!A11 -> Primary/secondary address toggle + updating ~4 display surfaces | E24: 3 | F24: 5 | G24: ='Plan 1 - Actual Effort'!B11-E24 -> 0 | H24: ='Plan 1 - Actual Effort'!C11-F24 -> 0
D25: ='Plan 1 - Actual Effort'!A12 -> API optimization — gate/remove always-on debug prints, then cache/paginate/de-dupe across ~180-190 wired calls | E25: 0 | F25: 0 | G25: ='Plan 1 - Actual Effort'!B12-E25 -> 7 | H25: ='Plan 1 - Actual Effort'!C12-F25 -> 11
D26: ='Plan 1 - Actual Effort'!A13 -> Sector sub-sub-sector rollout — 4 confirmed screens + small model field | E26: 3 | F26: 5 | G26: ='Plan 1 - Actual Effort'!B13-E26 -> 0 | H26: ='Plan 1 - Actual Effort'!C13-F26 -> 0
D27: Total | E27: =SUM(E17:E26) -> 24.5 | F27: =SUM(F17:F26) -> 40.5 | G27: =SUM(G17:G26) -> 24.5 | H27: =SUM(H17:H26) -> 35.5
D29: So of the 49-76 person-days in Plan 1, roughly the "Done" total above actually lands inside the 11 Sep-10 Oct window, and the "Pending" total carries into the remainder of Plan 2 (days 30-45) — the same split shown qualitatively in the status table above, now quantified and formula-linked to Plan 1.

Sheet Risks & Dependencies
A1: Dependencies and risks worth flagging to the client
A3: Notifications and family-invite both need backend endpoints that don't exist yet, and role-removal notifications specifically need a new RoleAPI revoke/remove endpoint that isn't there today either — every plan above assumes backend delivers these in parallel and on schedule; a slip there pushes the matching frontend milestones directly. AI Leads is lower-risk than a first read suggests: the exact fetch/render pattern (getMatchedLeads -> card list) is already shipping today inside LeadDetailScreen, so the consolidated screen is proven, not speculative — the remaining work is the screen itself, the accept/dismiss flow, and (if "dismiss" needs its own status) a small backend addition. The Play Store closed/internal testing track carries elapsed time outside the team's control and is the tightest point in Plan 2's timeline. Finally, the 274-operation backend surface (42 modules) against roughly 180-190 wired calls today means the app's API surface keeps growing as these six features land — the optimization pass above is scoped against today's baseline, so expect a second optimization pass once the new notification, role-revoke, and family-linking endpoints go live.
